symboling,normalized-losses,make,aspiration,num-of-doors,body-style,drive-wheels,engine-location,wheel-base,length,width,height,curb-weight,engine-type,num-of-cylinders,engine-size,fuel-system,bore,stroke,compression-ratio,horsepower,peak-rpm,city-L/100km,highway-mpg,price,price-binned,fuel-type_diesel,fuel-type_gas
0,3,122.0,alfa-romero,std,two,convertible,rwd,front,88.6,0.4134328358208958,0.8902777777777777,0.8160535117056856,2548,dohc,four,130,mpfi,3.47,2.68,9.0,111.0,5000.0,11.19047619047619,27,13495,Low,0,1
1,3,122.0,alfa-romero,std,two,convertible,rwd,front,88.6,0.4134328358208958,0.8902777777777777,0.8160535117056856,2548,dohc,four,130,mpfi,3.47,2.68,9.0,111.0,5000.0,11.19047619047619,27,16500,Low,0,1
2,1,122.0,alfa-romero,std,two,hatchback,rwd,front,94.5,0.4492537313432835,0.9097222222222222,0.8762541806020067,2823,ohcv,six,152,mpfi,2.68,3.47,9.0,154.0,5000.0,12.368421052631579,26,16500,Low,0,1
3,2,164.0,audi,std,four,sedan,fwd,front,99.8,0.5298507462686567,0.9194444444444445,0.9080267558528428,2337,ohc,four,109,mpfi,3.19,3.4,10.0,102.0,5500.0,9.791666666666666,30,13950,Low,0,1
4,2,164.0,audi,std,four,sedan,4wd,front,99.4,0.5298507462686567,0.9222222222222223,0.9080267558528428,2824,ohc,five,136,mpfi,3.19,3.4,8.0,115.0,5500.0,13.055555555555555,22,17450,Low,0,1
5,2,122.0,audi,std,two,sedan,fwd,front,99.8,0.5402985074626868,0.9208333333333333,0.8879598662207359,2507,ohc,five,136,mpfi,3.19,3.4,8.5,110.0,5500.0,12.368421052631579,25,15250,Low,0,1
6,1,158.0,audi,std,four,sedan,fwd,front,105.8,0.7701492537313432,0.9916666666666667,0.931438127090301,2844,ohc,five,136,mpfi,3.19,3.4,8.5,110.0,5500.0,12.368421052631579,25,17710,Low,0,1
7,1,122.0,audi,std,four,wagon,fwd,front,105.8,0.7701492537313432,0.9916666666666667,0.931438127090301,2954,ohc,five,136,mpfi,3.19,3.4,8.5,110.0,5500.0,12.368421052631579,25,18920,Medium,0,1
8,1,158.0,audi,turbo,four,sedan,fwd,front,105.8,0.7701492537313432,0.9916666666666667,0.9347826086956522,3086,ohc,five,131,mpfi,3.13,3.4,8.3,140.0,5500.0,13.823529411764707,20,23875,Medium,0,1
9,2,192.0,bmw,std,two,sedan,rwd,front,101.2,0.5328358208955226,0.8999999999999999,0.9080267558528428,2395,ohc,four,108,mpfi,3.5,2.8,8.8,101.0,5800.0,10.217391304347826,29,16430,Low,0,1
10,0,192.0,bmw,std,four,sedan,rwd,front,101.2,0.5328358208955226,0.8999999999999999,0.9080267558528428,2395,ohc,four,108,mpfi,3.5,2.8,8.8,101.0,5800.0,10.217391304347826,29,16925,Low,0,1
11,0,188.0,bmw,std,two,sedan,rwd,front,101.2,0.5328358208955226,0.8999999999999999,0.9080267558528428,2710,ohc,six,164,mpfi,3.31,3.19,9.0,121.0,4250.0,11.19047619047619,28,20970,Medium,0,1
12,0,188.0,bmw,std,four,sedan,rwd,front,101.2,0.5328358208955226,0.8999999999999999,0.9080267558528428,2765,ohc,six,164,mpfi,3.31,3.19,9.0,121.0,4250.0,11.19047619047619,28,21105,Medium,0,1
13,1,122.0,bmw,std,four,sedan,rwd,front,103.5,0.7149253731343285,0.9291666666666667,0.931438127090301,3055,ohc,six,164,mpfi,3.31,3.19,9.0,121.0,4250.0,11.75,25,24565,Medium,0,1
14,0,122.0,bmw,std,four,sedan,rwd,front,103.5,0.7149253731343285,0.9291666666666667,0.931438127090301,3230,ohc,six,209,mpfi,3.62,3.39,8.0,182.0,5400.0,14.6875,22,30760,Medium,0,1
15,0,122.0,bmw,std,two,sedan,rwd,front,103.5,0.7865671641791048,0.9430555555555556,0.8979933110367894,3380,ohc,six,209,mpfi,3.62,3.39,8.0,182.0,5400.0,14.6875,22,41315,High,0,1
16,0,122.0,bmw,std,four,sedan,rwd,front,110.0,0.8343283582089553,0.9847222222222223,0.9414715719063546,3505,ohc,six,209,mpfi,3.62,3.39,8.0,182.0,5400.0,15.666666666666666,20,36880,High,0,1
17,2,121.0,chevrolet,std,two,hatchback,fwd,front,88.4,0.0,0.8374999999999999,0.8896321070234114,1488,l,three,61,2bbl,2.91,3.03,9.5,48.0,5100.0,5.0,53,5151,Low,0,1
18,1,98.0,chevrolet,std,two,hatchback,fwd,front,94.5,0.22089552238805987,0.8833333333333333,0.8695652173913044,1874,ohc,four,90,2bbl,3.03,3.11,9.6,70.0,5400.0,6.184210526315789,43,6295,Low,0,1
19,0,81.0,chevrolet,std,four,sedan,fwd,front,94.5,0.26417910447761217,0.8833333333333333,0.8695652173913044,1909,ohc,four,90,2bbl,3.03,3.11,9.6,70.0,5400.0,6.184210526315789,43,6575,Low,0,1
20,1,118.0,dodge,std,two,hatchback,fwd,front,93.7,0.24179104477611965,0.8861111111111111,0.8494983277591973,1876,ohc,four,90,2bbl,2.97,3.23,9.41,68.0,5500.0,6.351351351351352,41,5572,Low,0,1
21,1,118.0,dodge,std,two,hatchback,fwd,front,93.7,0.24179104477611965,0.8861111111111111,0.8494983277591973,1876,ohc,four,90,2bbl,2.97,3.23,9.4,68.0,5500.0,7.580645161290323,38,6377,Low,0,1
22,1,118.0,dodge,turbo,two,hatchback,fwd,front,93.7,0.24179104477611965,0.8861111111111111,0.8494983277591973,2128,ohc,four,98,mpfi,3.03,3.39,7.6,102.0,5500.0,9.791666666666666,30,7957,Low,0,1
23,1,148.0,dodge,std,four,hatchback,fwd,front,93.7,0.24179104477611965,0.8861111111111111,0.8461538461538463,1967,ohc,four,90,2bbl,2.97,3.23,9.4,68.0,5500.0,7.580645161290323,38,6229,Low,0,1
24,1,148.0,dodge,std,four,sedan,fwd,front,93.7,0.24179104477611965,0.8861111111111111,0.8461538461538463,1989,ohc,four,90,2bbl,2.97,3.23,9.4,68.0,5500.0,7.580645161290323,38,6692,Low,0,1
25,1,148.0,dodge,std,four,sedan,fwd,front,93.7,0.24179104477611965,0.8861111111111111,0.8461538461538463,1989,ohc,four,90,2bbl,2.97,3.23,9.4,68.0,5500.0,7.580645161290323,38,7609,Low,0,1
26,1,148.0,dodge,turbo,four,sedan,fwd,front,93.7,0.24179104477611965,0.8861111111111111,0.8461538461538463,2191,ohc,four,98,mpfi,3.03,3.39,7.6,102.0,5500.0,9.791666666666666,30,8558,Low,0,1
27,-1,110.0,dodge,std,four,wagon,fwd,front,103.3,0.5,0.8972222222222221,1.0,2535,ohc,four,122,2bbl,3.34,3.46,8.5,88.0,5000.0,9.791666666666666,30,8921,Low,0,1
28,3,145.0,dodge,turbo,two,hatchback,fwd,front,95.9,0.4791044776119402,0.9208333333333333,0.8394648829431439,2811,ohc,four,156,mfi,3.6,3.9,7.0,145.0,5000.0,12.368421052631579,24,12964,Low,0,1
29,2,137.0,honda,std,two,hatchback,fwd,front,86.6,0.05223880597014925,0.8875,0.8494983277591973,1713,ohc,four,92,1bbl,2.91,3.41,9.6,58.0,4800.0,4.795918367346939,54,6479,Low,0,1
30,2,137.0,honda,std,two,hatchback,fwd,front,86.6,0.05223880597014925,0.8875,0.8494983277591973,1819,ohc,four,92,1bbl,2.91,3.41,9.2,76.0,6000.0,7.580645161290323,38,6855,Low,0,1
31,1,101.0,honda,std,two,hatchback,fwd,front,93.7,0.13283582089552248,0.8888888888888888,0.8795986622073579,1837,ohc,four,79,1bbl,2.91,3.07,10.1,60.0,5500.0,6.184210526315789,42,5399,Low,0,1
32,1,101.0,honda,std,two,hatchback,fwd,front,93.7,0.13283582089552248,0.8888888888888888,0.8795986622073579,1940,ohc,four,92,1bbl,2.91,3.41,9.2,76.0,6000.0,7.833333333333333,34,6529,Low,0,1
33,1,101.0,honda,std,two,hatchback,fwd,front,93.7,0.13283582089552248,0.8888888888888888,0.8795986622073579,1956,ohc,four,92,1bbl,2.91,3.41,9.2,76.0,6000.0,7.833333333333333,34,7129,Low,0,1
34,0,110.0,honda,std,four,sedan,fwd,front,96.5,0.33283582089552255,0.8888888888888888,0.911371237458194,2010,ohc,four,92,1bbl,2.91,3.41,9.2,76.0,6000.0,7.833333333333333,34,7295,Low,0,1
35,0,78.0,honda,std,four,wagon,fwd,front,96.5,0.23880597014925373,0.8875,0.9749163879598662,2024,ohc,four,92,1bbl,2.92,3.41,9.2,76.0,6000.0,7.833333333333333,34,7295,Low,0,1
36,0,106.0,honda,std,two,hatchback,fwd,front,96.5,0.39402985074626873,0.9055555555555556,0.8913043478260869,2236,ohc,four,110,1bbl,3.15,3.58,9.0,86.0,5800.0,8.703703703703704,33,7895,Low,0,1
37,0,106.0,honda,std,two,hatchback,fwd,front,96.5,0.39402985074626873,0.9055555555555556,0.8913043478260869,2289,ohc,four,110,1bbl,3.15,3.58,9.0,86.0,5800.0,8.703703703703704,33,9095,Low,0,1
38,0,85.0,honda,std,four,sedan,fwd,front,96.5,0.5119402985074628,0.9055555555555556,0.9046822742474917,2304,ohc,four,110,1bbl,3.15,3.58,9.0,86.0,5800.0,8.703703703703704,33,8845,Low,0,1
39,0,85.0,honda,std,four,sedan,fwd,front,96.5,0.5119402985074628,0.8680555555555556,0.9046822742474917,2372,ohc,four,110,1bbl,3.15,3.58,9.0,86.0,5800.0,8.703703703703704,33,10295,Low,0,1
40,0,85.0,honda,std,four,sedan,fwd,front,96.5,0.5119402985074628,0.9055555555555556,0.9046822742474917,2465,ohc,four,110,mpfi,3.15,3.58,9.0,101.0,5800.0,9.791666666666666,28,12945,Low,0,1
41,1,107.0,honda,std,two,sedan,fwd,front,96.5,0.417910447761194,0.9166666666666666,0.8528428093645485,2293,ohc,four,110,2bbl,3.15,3.58,9.1,100.0,5500.0,9.4,31,10345,Low,0,1
42,0,122.0,isuzu,std,four,sedan,rwd,front,94.3,0.4417910447761193,0.8583333333333333,0.8946488294314382,2337,ohc,four,111,2bbl,3.31,3.23,8.5,78.0,4800.0,9.791666666666666,29,6785,Low,0,1
43,2,122.0,isuzu,std,two,hatchback,rwd,front,96.0,0.4701492537313433,0.9055555555555556,0.8595317725752508,2734,ohc,four,119,spfi,3.43,3.23,9.2,90.0,5000.0,9.791666666666666,29,11048,Low,0,1
44,0,145.0,jaguar,std,four,sedan,rwd,front,113.0,0.8731343283582089,0.9666666666666666,0.882943143812709,4066,dohc,six,258,mpfi,3.63,4.17,8.1,176.0,4750.0,15.666666666666666,19,32250,High,0,1
45,0,122.0,jaguar,std,four,sedan,rwd,front,113.0,0.8731343283582089,0.9666666666666666,0.882943143812709,4066,dohc,six,258,mpfi,3.63,4.17,8.1,176.0,4750.0,15.666666666666666,19,35550,High,0,1
46,0,122.0,jaguar,std,two,sedan,rwd,front,102.0,0.7552238805970148,0.9805555555555555,0.7993311036789298,3950,ohcv,twelve,326,mpfi,3.54,2.76,11.5,262.0,5000.0,18.076923076923077,17,36000,High,0,1
47,1,104.0,mazda,std,two,hatchback,fwd,front,93.1,0.26865671641791045,0.8916666666666667,0.9046822742474917,1890,ohc,four,91,2bbl,3.03,3.15,9.0,68.0,5000.0,7.833333333333333,31,5195,Low,0,1
48,1,104.0,mazda,std,two,hatchback,fwd,front,93.1,0.26865671641791045,0.8916666666666667,0.9046822742474917,1900,ohc,four,91,2bbl,3.03,3.15,9.0,68.0,5000.0,7.580645161290323,38,6095,Low,0,1
49,1,104.0,mazda,std,two,hatchback,fwd,front,93.1,0.26865671641791045,0.8916666666666667,0.9046822742474917,1905,ohc,four,91,2bbl,3.03,3.15,9.0,68.0,5000.0,7.580645161290323,38,6795,Low,0,1
50,1,113.0,mazda,std,four,sedan,fwd,front,93.1,0.38358208955223905,0.8916666666666667,0.9046822742474917,1945,ohc,four,91,2bbl,3.03,3.15,9.0,68.0,5000.0,7.580645161290323,38,6695,Low,0,1
51,1,113.0,mazda,std,four,sedan,fwd,front,93.1,0.38358208955223905,0.8916666666666667,0.9046822742474917,1950,ohc,four,91,2bbl,3.08,3.15,9.0,68.0,5000.0,7.580645161290323,38,7395,Low,0,1
52,3,150.0,mazda,std,two,hatchback,rwd,front,95.3,0.4164179104477613,0.9125000000000001,0.8294314381270904,2380,rotor,two,70,4bbl,3.330710659898477,3.256903553299492,9.4,101.0,6000.0,13.823529411764707,23,10945,Low,0,1
53,3,150.0,mazda,std,two,hatchback,rwd,front,95.3,0.4164179104477613,0.9125000000000001,0.8294314381270904,2380,rotor,two,70,4bbl,3.330710659898477,3.256903553299492,9.4,101.0,6000.0,13.823529411764707,23,11845,Low,0,1
54,3,150.0,mazda,std,two,hatchback,rwd,front,95.3,0.4164179104477613,0.9125000000000001,0.8294314381270904,2385,rotor,two,70,4bbl,3.330710659898477,3.256903553299492,9.4,101.0,6000.0,13.823529411764707,23,13645,Low,0,1
55,3,150.0,mazda,std,two,hatchback,rwd,front,95.3,0.4164179104477613,0.9125000000000001,0.8294314381270904,2500,rotor,two,80,mpfi,3.330710659898477,3.256903553299492,9.4,135.0,6000.0,14.6875,23,15645,Low,0,1
56,1,129.0,mazda,std,two,hatchback,fwd,front,98.8,0.547761194029851,0.9236111111111112,0.8979933110367894,2385,ohc,four,122,2bbl,3.39,3.39,8.6,84.0,4800.0,9.038461538461538,32,8845,Low,0,1
57,0,115.0,mazda,std,four,sedan,fwd,front,98.8,0.547761194029851,0.9236111111111112,0.9280936454849499,2410,ohc,four,122,2bbl,3.39,3.39,8.6,84.0,4800.0,9.038461538461538,32,8495,Low,0,1
58,1,129.0,mazda,std,two,hatchback,fwd,front,98.8,0.547761194029851,0.9236111111111112,0.8979933110367894,2385,ohc,four,122,2bbl,3.39,3.39,8.6,84.0,4800.0,9.038461538461538,32,10595,Low,0,1
59,0,115.0,mazda,std,four,sedan,fwd,front,98.8,0.547761194029851,0.9236111111111112,0.9280936454849499,2410,ohc,four,122,2bbl,3.39,3.39,8.6,84.0,4800.0,9.038461538461538,32,10245,Low,0,1
60,0,122.0,mazda,std,four,sedan,fwd,front,98.8,0.547761194029851,0.9236111111111112,0.9280936454849499,2443,ohc,four,122,idi,3.39,3.39,22.7,64.0,4650.0,6.527777777777778,42,10795,Low,1,0
61,0,115.0,mazda,std,four,hatchback,fwd,front,98.8,0.547761194029851,0.9236111111111112,0.9280936454849499,2425,ohc,four,122,2bbl,3.39,3.39,8.6,84.0,4800.0,9.038461538461538,32,11245,Low,0,1
62,0,118.0,mazda,std,four,sedan,rwd,front,104.9,0.5059701492537314,0.9180555555555555,0.9096989966555185,2670,ohc,four,140,mpfi,3.76,3.16,8.0,120.0,5000.0,12.368421052631579,27,18280,Low,0,1
63,0,122.0,mazda,std,four,sedan,rwd,front,104.9,0.5059701492537314,0.9180555555555555,0.9096989966555185,2700,ohc,four,134,idi,3.43,3.64,22.0,72.0,4200.0,7.580645161290323,39,18344,Low,1,0
64,-1,93.0,mercedes-benz,turbo,four,sedan,rwd,front,110.0,0.7432835820895524,0.9763888888888889,0.9448160535117057,3515,ohc,five,183,idi,3.58,3.64,21.5,123.0,4350.0,10.681818181818182,25,25552,Medium,1,0
65,-1,93.0,mercedes-benz,turbo,four,wagon,rwd,front,110.0,0.7432835820895524,0.9763888888888889,0.9816053511705687,3750,ohc,five,183,idi,3.58,3.64,21.5,123.0,4350.0,10.681818181818182,25,28248,Medium,1,0
66,0,93.0,mercedes-benz,turbo,two,hardtop,rwd,front,106.7,0.6925373134328359,0.9763888888888889,0.9180602006688964,3495,ohc,five,183,idi,3.58,3.64,21.5,123.0,4350.0,10.681818181818182,25,28176,Medium,1,0
67,-1,93.0,mercedes-benz,turbo,four,sedan,rwd,front,115.6,0.917910447761194,0.9958333333333333,0.9414715719063546,3770,ohc,five,183,idi,3.58,3.64,21.5,123.0,4350.0,10.681818181818182,25,31600,Medium,1,0
68,-1,122.0,mercedes-benz,std,four,sedan,rwd,front,115.6,0.917910447761194,0.9958333333333333,0.9448160535117057,3740,ohcv,eight,234,mpfi,3.46,3.1,8.3,155.0,4750.0,14.6875,18,34184,High,0,1
69,3,142.0,mercedes-benz,std,two,convertible,rwd,front,96.6,0.5850746268656719,0.9791666666666666,0.8494983277591973,3685,ohcv,eight,234,mpfi,3.46,3.1,8.3,155.0,4750.0,14.6875,18,35056,High,0,1
70,0,122.0,mercedes-benz,std,four,sedan,rwd,front,120.9,1.0,0.9958333333333333,0.948160535117057,3900,ohcv,eight,308,mpfi,3.8,3.35,8.0,184.0,4500.0,16.785714285714285,16,40960,High,0,1
71,1,122.0,mercedes-benz,std,two,hardtop,rwd,front,112.0,0.8671641791044775,1.0,0.9264214046822743,3715,ohcv,eight,304,mpfi,3.8,3.35,8.0,184.0,4500.0,16.785714285714285,16,45400,High,0,1
72,1,122.0,mercury,turbo,two,hatchback,rwd,front,102.7,0.5567164179104479,0.9444444444444444,0.9163879598662207,2910,ohc,four,140,mpfi,3.78,3.12,8.0,175.0,5000.0,12.368421052631579,24,16503,Low,0,1
73,2,161.0,mitsubishi,std,two,hatchback,fwd,front,93.7,0.24179104477611965,0.8944444444444445,0.8494983277591973,1918,ohc,four,92,2bbl,2.97,3.23,9.4,68.0,5500.0,6.351351351351352,41,5389,Low,0,1
74,2,161.0,mitsubishi,std,two,hatchback,fwd,front,93.7,0.24179104477611965,0.8944444444444445,0.8494983277591973,1944,ohc,four,92,2bbl,2.97,3.23,9.4,68.0,5500.0,7.580645161290323,38,6189,Low,0,1
75,2,161.0,mitsubishi,std,two,hatchback,fwd,front,93.7,0.24179104477611965,0.8944444444444445,0.8494983277591973,2004,ohc,four,92,2bbl,2.97,3.23,9.4,68.0,5500.0,7.580645161290323,38,6669,Low,0,1
76,1,161.0,mitsubishi,turbo,two,hatchback,fwd,front,93.0,0.24179104477611965,0.8861111111111111,0.8494983277591973,2145,ohc,four,98,spdi,3.03,3.39,7.6,102.0,5500.0,9.791666666666666,30,7689,Low,0,1
77,3,153.0,mitsubishi,turbo,two,hatchback,fwd,front,96.3,0.4761194029850747,0.9083333333333334,0.8260869565217391,2370,ohc,four,110,spdi,3.17,3.46,7.5,116.0,5500.0,10.217391304347826,30,9959,Low,0,1
78,3,153.0,mitsubishi,std,two,hatchback,fwd,front,96.3,0.4761194029850747,0.9083333333333334,0.8260869565217391,2328,ohc,four,122,2bbl,3.35,3.46,8.5,88.0,5000.0,9.4,32,8499,Low,0,1
79,3,122.0,mitsubishi,turbo,two,hatchback,fwd,front,95.9,0.4791044776119402,0.9208333333333333,0.8394648829431439,2833,ohc,four,156,spdi,3.58,3.86,7.0,145.0,5000.0,12.368421052631579,24,12629,Low,0,1
80,3,122.0,mitsubishi,turbo,two,hatchback,fwd,front,95.9,0.4791044776119402,0.9208333333333333,0.8394648829431439,2921,ohc,four,156,spdi,3.59,3.86,7.0,145.0,5000.0,12.368421052631579,24,14869,Low,0,1
81,3,122.0,mitsubishi,turbo,two,hatchback,fwd,front,95.9,0.4791044776119402,0.9208333333333333,0.8394648829431439,2926,ohc,four,156,spdi,3.59,3.86,7.0,145.0,5000.0,12.368421052631579,24,14489,Low,0,1
82,1,125.0,mitsubishi,std,four,sedan,fwd,front,96.3,0.4671641791044778,0.9083333333333334,0.8628762541806021,2365,ohc,four,122,2bbl,3.35,3.46,8.5,88.0,5000.0,9.4,32,6989,Low,0,1
83,1,125.0,mitsubishi,std,four,sedan,fwd,front,96.3,0.4671641791044778,0.9083333333333334,0.8628762541806021,2405,ohc,four,122,2bbl,3.35,3.46,8.5,88.0,5000.0,9.4,32,8189,Low,0,1
84,1,125.0,mitsubishi,turbo,four,sedan,fwd,front,96.3,0.4671641791044778,0.9083333333333334,0.8628762541806021,2403,ohc,four,110,spdi,3.17,3.46,7.5,116.0,5500.0,10.217391304347826,30,9279,Low,0,1
85,-1,137.0,mitsubishi,std,four,sedan,fwd,front,96.3,0.4671641791044778,0.9083333333333334,0.8628762541806021,2403,ohc,four,110,spdi,3.17,3.46,7.5,116.0,5500.0,10.217391304347826,30,9279,Low,0,1
86,1,128.0,nissan,std,two,sedan,fwd,front,94.5,0.3611940298507465,0.8861111111111111,0.911371237458194,1889,ohc,four,97,2bbl,3.15,3.29,9.4,69.0,5200.0,7.580645161290323,37,5499,Low,0,1
87,1,128.0,nissan,std,two,sedan,fwd,front,94.5,0.3611940298507465,0.8861111111111111,0.911371237458194,2017,ohc,four,103,idi,2.99,3.47,21.9,55.0,4800.0,5.222222222222222,50,7099,Low,1,0
88,1,128.0,nissan,std,two,sedan,fwd,front,94.5,0.3611940298507465,0.8861111111111111,0.911371237458194,1918,ohc,four,97,2bbl,3.15,3.29,9.4,69.0,5200.0,7.580645161290323,37,6649,Low,0,1
89,1,122.0,nissan,std,four,sedan,fwd,front,94.5,0.3611940298507465,0.8861111111111111,0.911371237458194,1938,ohc,four,97,2bbl,3.15,3.29,9.4,69.0,5200.0,7.580645161290323,37,6849,Low,0,1
90,1,103.0,nissan,std,four,wagon,fwd,front,94.5,0.43432835820895516,0.8861111111111111,0.8946488294314382,2024,ohc,four,97,2bbl,3.15,3.29,9.4,69.0,5200.0,7.580645161290323,37,7349,Low,0,1
91,1,128.0,nissan,std,two,sedan,fwd,front,94.5,0.3611940298507465,0.8861111111111111,0.911371237458194,1951,ohc,four,97,2bbl,3.15,3.29,9.4,69.0,5200.0,7.580645161290323,37,7299,Low,0,1
92,1,128.0,nissan,std,two,hatchback,fwd,front,94.5,0.3656716417910448,0.8861111111111111,0.8913043478260869,2028,ohc,four,97,2bbl,3.15,3.29,9.4,69.0,5200.0,7.580645161290323,37,7799,Low,0,1
93,1,122.0,nissan,std,four,sedan,fwd,front,94.5,0.3611940298507465,0.8861111111111111,0.911371237458194,1971,ohc,four,97,2bbl,3.15,3.29,9.4,69.0,5200.0,7.580645161290323,37,7499,Low,0,1
94,1,103.0,nissan,std,four,wagon,fwd,front,94.5,0.43432835820895516,0.8861111111111111,0.8946488294314382,2037,ohc,four,97,2bbl,3.15,3.29,9.4,69.0,5200.0,7.580645161290323,37,7999,Low,0,1
95,2,168.0,nissan,std,two,hardtop,fwd,front,95.1,0.3179104477611942,0.8861111111111111,0.8913043478260869,2008,ohc,four,97,2bbl,3.15,3.29,9.4,69.0,5200.0,7.580645161290323,37,8249,Low,0,1
96,0,106.0,nissan,std,four,hatchback,fwd,front,97.2,0.4820895522388061,0.9055555555555556,0.9147157190635452,2324,ohc,four,120,2bbl,3.33,3.47,8.5,97.0,5200.0,8.703703703703704,34,8949,Low,0,1
97,0,106.0,nissan,std,four,sedan,fwd,front,97.2,0.4820895522388061,0.9055555555555556,0.9147157190635452,2302,ohc,four,120,2bbl,3.33,3.47,8.5,97.0,5200.0,8.703703703703704,34,9549,Low,0,1
98,0,128.0,nissan,std,four,sedan,fwd,front,100.4,0.6059701492537313,0.9236111111111112,0.9214046822742475,3095,ohcv,six,181,mpfi,3.43,3.27,9.0,152.0,5200.0,13.823529411764707,22,13499,Low,0,1
99,0,108.0,nissan,std,four,wagon,fwd,front,100.4,0.6492537313432836,0.9236111111111112,0.9381270903010034,3296,ohcv,six,181,mpfi,3.43,3.27,9.0,152.0,5200.0,13.823529411764707,22,14399,Low,0,1
100,0,108.0,nissan,std,four,sedan,fwd,front,100.4,0.6492537313432836,0.9236111111111112,0.9214046822742475,3060,ohcv,six,181,mpfi,3.43,3.27,9.0,152.0,5200.0,12.368421052631579,25,13499,Low,0,1
101,3,194.0,nissan,std,two,hatchback,rwd,front,91.3,0.4417910447761193,0.9430555555555556,0.831103678929766,3071,ohcv,six,181,mpfi,3.43,3.27,9.0,160.0,5200.0,12.368421052631579,25,17199,Low,0,1
102,3,194.0,nissan,turbo,two,hatchback,rwd,front,91.3,0.4417910447761193,0.9430555555555556,0.831103678929766,3139,ohcv,six,181,mpfi,3.43,3.27,7.8,200.0,5200.0,13.823529411764707,23,19699,Medium,0,1
103,1,231.0,nissan,std,two,hatchback,rwd,front,99.2,0.5582089552238807,0.9430555555555556,0.831103678929766,3139,ohcv,six,181,mpfi,3.43,3.27,9.0,160.0,5200.0,12.368421052631579,25,18399,Low,0,1
104,0,161.0,peugot,std,four,sedan,rwd,front,107.9,0.6805970149253731,0.9500000000000001,0.948160535117057,3020,l,four,120,mpfi,3.46,3.19,8.4,97.0,5000.0,12.368421052631579,24,11900,Low,0,1
105,0,161.0,peugot,turbo,four,sedan,rwd,front,107.9,0.6805970149253731,0.9500000000000001,0.948160535117057,3197,l,four,152,idi,3.7,3.52,21.0,95.0,4150.0,8.392857142857142,33,13200,Low,1,0
106,0,122.0,peugot,std,four,wagon,rwd,front,114.2,0.8626865671641792,0.9500000000000001,0.9816053511705687,3230,l,four,120,mpfi,3.46,3.19,8.4,97.0,5000.0,12.368421052631579,24,12440,Low,0,1
107,0,122.0,peugot,turbo,four,wagon,rwd,front,114.2,0.8626865671641792,0.9500000000000001,0.9816053511705687,3430,l,four,152,idi,3.7,3.52,21.0,95.0,4150.0,9.4,25,13860,Low,1,0
108,0,161.0,peugot,std,four,sedan,rwd,front,107.9,0.6805970149253731,0.9500000000000001,0.948160535117057,3075,l,four,120,mpfi,3.46,2.19,8.4,95.0,5000.0,12.368421052631579,24,15580,Low,0,1
109,0,161.0,peugot,turbo,four,sedan,rwd,front,107.9,0.6805970149253731,0.9500000000000001,0.948160535117057,3252,l,four,152,idi,3.7,3.52,21.0,95.0,4150.0,8.392857142857142,33,16900,Low,1,0
110,0,122.0,peugot,std,four,wagon,rwd,front,114.2,0.8626865671641792,0.9500000000000001,0.948160535117057,3285,l,four,120,mpfi,3.46,2.19,8.4,95.0,5000.0,12.368421052631579,24,16695,Low,0,1
111,0,122.0,peugot,turbo,four,wagon,rwd,front,114.2,0.8626865671641792,0.9500000000000001,0.9816053511705687,3485,l,four,152,idi,3.7,3.52,21.0,95.0,4150.0,9.4,25,17075,Low,1,0
112,0,161.0,peugot,std,four,sedan,rwd,front,107.9,0.6805970149253731,0.9500000000000001,0.948160535117057,3075,l,four,120,mpfi,3.46,3.19,8.4,97.0,5000.0,12.368421052631579,24,16630,Low,0,1
113,0,161.0,peugot,turbo,four,sedan,rwd,front,107.9,0.6805970149253731,0.9500000000000001,0.948160535117057,3252,l,four,152,idi,3.7,3.52,21.0,95.0,4150.0,8.392857142857142,33,17950,Low,1,0
114,0,161.0,peugot,turbo,four,sedan,rwd,front,108.0,0.6805970149253731,0.9486111111111111,0.9364548494983278,3130,l,four,134,mpfi,3.61,3.21,7.0,142.0,5600.0,13.055555555555555,24,18150,Low,0,1
115,1,119.0,plymouth,std,two,hatchback,fwd,front,93.7,0.24179104477611965,0.8861111111111111,0.8494983277591973,1918,ohc,four,90,2bbl,2.97,3.23,9.4,68.0,5500.0,6.351351351351352,41,5572,Low,0,1
116,1,119.0,plymouth,turbo,two,hatchback,fwd,front,93.7,0.24179104477611965,0.8861111111111111,0.8494983277591973,2128,ohc,four,98,spdi,3.03,3.39,7.6,102.0,5500.0,9.791666666666666,30,7957,Low,0,1
117,1,154.0,plymouth,std,four,hatchback,fwd,front,93.7,0.24179104477611965,0.8861111111111111,0.8461538461538463,1967,ohc,four,90,2bbl,2.97,3.23,9.4,68.0,5500.0,7.580645161290323,38,6229,Low,0,1
118,1,154.0,plymouth,std,four,sedan,fwd,front,93.7,0.39104477611940325,0.8861111111111111,0.8494983277591973,1989,ohc,four,90,2bbl,2.97,3.23,9.4,68.0,5500.0,7.580645161290323,38,6692,Low,0,1
119,1,154.0,plymouth,std,four,sedan,fwd,front,93.7,0.39104477611940325,0.8861111111111111,0.8494983277591973,2191,ohc,four,98,2bbl,2.97,3.23,9.4,68.0,5500.0,7.580645161290323,38,7609,Low,0,1
120,-1,74.0,plymouth,std,four,wagon,fwd,front,103.3,0.5,0.8972222222222221,1.0,2535,ohc,four,122,2bbl,3.35,3.46,8.5,88.0,5000.0,9.791666666666666,30,8921,Low,0,1
121,3,122.0,plymouth,turbo,two,hatchback,rwd,front,95.9,0.4791044776119402,0.9208333333333333,0.8394648829431439,2818,ohc,four,156,spdi,3.59,3.86,7.0,145.0,5000.0,12.368421052631579,24,12764,Low,0,1
122,3,186.0,porsche,std,two,hatchback,rwd,front,94.5,0.41492537313432853,0.9486111111111111,0.8394648829431439,2778,ohc,four,151,mpfi,3.94,3.11,9.5,143.0,5500.0,12.368421052631579,27,22018,Medium,0,1
123,3,122.0,porsche,std,two,hardtop,rwd,rear,89.5,0.41492537313432853,0.9027777777777778,0.8628762541806021,2756,ohcf,six,194,mpfi,3.74,2.9,9.5,207.0,5900.0,13.823529411764707,25,32528,High,0,1
124,3,122.0,porsche,std,two,hardtop,rwd,rear,89.5,0.41492537313432853,0.9027777777777778,0.8628762541806021,2756,ohcf,six,194,mpfi,3.74,2.9,9.5,207.0,5900.0,13.823529411764707,25,34028,High,0,1
125,3,122.0,porsche,std,two,convertible,rwd,rear,89.5,0.41492537313432853,0.9027777777777778,0.8628762541806021,2800,ohcf,six,194,mpfi,3.74,2.9,9.5,207.0,5900.0,13.823529411764707,25,37028,High,0,1
126,0,122.0,renault,std,four,wagon,fwd,front,96.1,0.6029850746268658,0.9236111111111112,0.9230769230769231,2579,ohc,four,132,mpfi,3.46,3.9,8.7,103.39698492462311,5117.587939698493,10.217391304347826,31,9295,Low,0,1
127,2,122.0,renault,std,two,hatchback,fwd,front,96.1,0.5328358208955226,0.9249999999999999,0.8444816053511706,2460,ohc,four,132,mpfi,3.46,3.9,8.7,103.39698492462311,5117.587939698493,10.217391304347826,31,9895,Low,0,1
128,3,150.0,saab,std,two,hatchback,fwd,front,99.1,0.6791044776119403,0.9236111111111112,0.9381270903010034,2658,ohc,four,121,mpfi,3.54,3.07,9.31,110.0,5250.0,11.19047619047619,28,11850,Low,0,1
129,2,104.0,saab,std,four,sedan,fwd,front,99.1,0.6791044776119403,0.9236111111111112,0.9381270903010034,2695,ohc,four,121,mpfi,3.54,3.07,9.3,110.0,5250.0,11.19047619047619,28,12170,Low,0,1
130,3,150.0,saab,std,two,hatchback,fwd,front,99.1,0.6791044776119403,0.9236111111111112,0.9381270903010034,2707,ohc,four,121,mpfi,2.54,2.07,9.3,110.0,5250.0,11.19047619047619,28,15040,Low,0,1
131,2,104.0,saab,std,four,sedan,fwd,front,99.1,0.6791044776119403,0.9236111111111112,0.9381270903010034,2758,ohc,four,121,mpfi,3.54,3.07,9.3,110.0,5250.0,11.19047619047619,28,15510,Low,0,1
132,3,150.0,saab,turbo,two,hatchback,fwd,front,99.1,0.6791044776119403,0.9236111111111112,0.9381270903010034,2808,dohc,four,121,mpfi,3.54,3.07,9.0,160.0,5500.0,12.368421052631579,26,18150,Low,0,1
133,2,104.0,saab,turbo,four,sedan,fwd,front,99.1,0.6791044776119403,0.9236111111111112,0.9381270903010034,2847,dohc,four,121,mpfi,3.54,3.07,9.0,160.0,5500.0,12.368421052631579,26,18620,Medium,0,1
134,2,83.0,subaru,std,two,hatchback,fwd,front,93.7,0.23582089552238822,0.8805555555555555,0.8979933110367894,2050,ohcf,four,97,2bbl,3.62,2.36,9.0,69.0,4900.0,7.580645161290323,36,5118,Low,0,1
135,2,83.0,subaru,std,two,hatchback,fwd,front,93.7,0.25074626865671656,0.8833333333333333,0.8979933110367894,2120,ohcf,four,108,2bbl,3.62,2.64,8.7,73.0,4400.0,9.038461538461538,31,7053,Low,0,1
136,2,83.0,subaru,std,two,hatchback,4wd,front,93.3,0.24179104477611965,0.8861111111111111,0.931438127090301,2240,ohcf,four,108,2bbl,3.62,2.64,8.7,73.0,4400.0,9.038461538461538,31,7603,Low,0,1
137,0,102.0,subaru,std,four,sedan,fwd,front,97.2,0.46119402985074637,0.9083333333333334,0.8779264214046824,2145,ohcf,four,108,2bbl,3.62,2.64,9.5,82.0,4800.0,7.34375,37,7126,Low,0,1
138,0,102.0,subaru,std,four,sedan,fwd,front,97.2,0.46119402985074637,0.9083333333333334,0.8779264214046824,2190,ohcf,four,108,2bbl,3.62,2.64,9.5,82.0,4400.0,8.392857142857142,33,7775,Low,0,1
139,0,102.0,subaru,std,four,sedan,fwd,front,97.2,0.46119402985074637,0.9083333333333334,0.8779264214046824,2340,ohcf,four,108,mpfi,3.62,2.64,9.0,94.0,5200.0,9.038461538461538,32,9960,Low,0,1
140,0,102.0,subaru,std,four,sedan,4wd,front,97.0,0.46119402985074637,0.9083333333333334,0.9080267558528428,2385,ohcf,four,108,2bbl,3.62,2.64,9.0,82.0,4800.0,9.791666666666666,25,9233,Low,0,1
141,0,102.0,subaru,turbo,four,sedan,4wd,front,97.0,0.46119402985074637,0.9083333333333334,0.9080267558528428,2510,ohcf,four,108,mpfi,3.62,2.64,7.7,111.0,4800.0,9.791666666666666,29,11259,Low,0,1
142,0,89.0,subaru,std,four,wagon,fwd,front,97.0,0.4835820895522389,0.9083333333333334,0.8862876254180603,2290,ohcf,four,108,2bbl,3.62,2.64,9.0,82.0,4800.0,8.392857142857142,32,7463,Low,0,1
143,0,89.0,subaru,std,four,wagon,fwd,front,97.0,0.4835820895522389,0.9083333333333334,0.8862876254180603,2455,ohcf,four,108,mpfi,3.62,2.64,9.0,94.0,5200.0,9.4,31,10198,Low,0,1
144,0,85.0,subaru,std,four,wagon,4wd,front,96.9,0.48507462686567165,0.9083333333333334,0.9180602006688964,2420,ohcf,four,108,2bbl,3.62,2.64,9.0,82.0,4800.0,10.217391304347826,29,8013,Low,0,1
145,0,85.0,subaru,turbo,four,wagon,4wd,front,96.9,0.48507462686567165,0.9083333333333334,0.9180602006688964,2650,ohcf,four,108,mpfi,3.62,2.64,7.7,111.0,4800.0,10.217391304347826,23,11694,Low,0,1
146,1,87.0,toyota,std,two,hatchback,fwd,front,95.7,0.26268656716417904,0.8833333333333333,0.911371237458194,1985,ohc,four,92,2bbl,3.05,3.03,9.0,62.0,4800.0,6.714285714285714,39,5348,Low,0,1
147,1,87.0,toyota,std,two,hatchback,fwd,front,95.7,0.26268656716417904,0.8833333333333333,0.911371237458194,2040,ohc,four,92,2bbl,3.05,3.03,9.0,62.0,4800.0,7.580645161290323,38,6338,Low,0,1
148,1,74.0,toyota,std,four,hatchback,fwd,front,95.7,0.26268656716417904,0.8833333333333333,0.911371237458194,2015,ohc,four,92,2bbl,3.05,3.03,9.0,62.0,4800.0,7.580645161290323,38,6488,Low,0,1
149,0,77.0,toyota,std,four,wagon,fwd,front,95.7,0.42686567164179096,0.8833333333333333,0.988294314381271,2280,ohc,four,92,2bbl,3.05,3.03,9.0,62.0,4800.0,7.580645161290323,37,6918,Low,0,1
150,0,81.0,toyota,std,four,wagon,4wd,front,95.7,0.42686567164179096,0.8833333333333333,0.988294314381271,2290,ohc,four,92,2bbl,3.05,3.03,9.0,62.0,4800.0,8.703703703703704,32,7898,Low,0,1
151,0,91.0,toyota,std,four,wagon,4wd,front,95.7,0.42686567164179096,0.8833333333333333,0.988294314381271,3110,ohc,four,92,2bbl,3.05,3.03,9.0,62.0,4800.0,8.703703703703704,32,8778,Low,0,1
152,0,91.0,toyota,std,four,sedan,fwd,front,95.7,0.3761194029850749,0.8944444444444445,0.8862876254180603,2081,ohc,four,98,2bbl,3.19,3.03,9.0,70.0,4800.0,7.833333333333333,37,6938,Low,0,1
153,0,91.0,toyota,std,four,hatchback,fwd,front,95.7,0.3761194029850749,0.8944444444444445,0.882943143812709,2109,ohc,four,98,2bbl,3.19,3.03,9.0,70.0,4800.0,7.833333333333333,37,7198,Low,0,1
154,0,91.0,toyota,std,four,sedan,fwd,front,95.7,0.3761194029850749,0.8944444444444445,0.8862876254180603,2275,ohc,four,110,idi,3.27,3.35,22.5,56.0,4500.0,6.911764705882353,36,7898,Low,1,0
155,0,91.0,toyota,std,four,hatchback,fwd,front,95.7,0.3761194029850749,0.8944444444444445,0.882943143812709,2275,ohc,four,110,idi,3.27,3.35,22.5,56.0,4500.0,6.184210526315789,47,7788,Low,1,0
156,0,91.0,toyota,std,four,sedan,fwd,front,95.7,0.3761194029850749,0.8944444444444445,0.8862876254180603,2094,ohc,four,98,2bbl,3.19,3.03,9.0,70.0,4800.0,6.184210526315789,47,7738,Low,0,1
157,0,91.0,toyota,std,four,hatchback,fwd,front,95.7,0.3761194029850749,0.8944444444444445,0.882943143812709,2122,ohc,four,98,2bbl,3.19,3.03,9.0,70.0,4800.0,8.392857142857142,34,8358,Low,0,1
158,0,91.0,toyota,std,four,sedan,fwd,front,95.7,0.3761194029850749,0.8944444444444445,0.882943143812709,2140,ohc,four,98,2bbl,3.19,3.03,9.0,70.0,4800.0,8.392857142857142,34,9258,Low,0,1
159,1,168.0,toyota,std,two,sedan,rwd,front,94.5,0.4119402985074626,0.8888888888888888,0.8795986622073579,2169,ohc,four,98,2bbl,3.19,3.03,9.0,70.0,4800.0,8.10344827586207,34,8058,Low,0,1
160,1,168.0,toyota,std,two,hatchback,rwd,front,94.5,0.4119402985074626,0.8888888888888888,0.8795986622073579,2204,ohc,four,98,2bbl,3.19,3.03,9.0,70.0,4800.0,8.10344827586207,34,8238,Low,0,1
161,1,168.0,toyota,std,two,sedan,rwd,front,94.5,0.4119402985074626,0.8888888888888888,0.8795986622073579,2265,dohc,four,98,mpfi,3.24,3.08,9.4,112.0,6600.0,9.038461538461538,29,9298,Low,0,1
162,1,168.0,toyota,std,two,hatchback,rwd,front,94.5,0.4119402985074626,0.8888888888888888,0.8795986622073579,2300,dohc,four,98,mpfi,3.24,3.08,9.4,112.0,6600.0,9.038461538461538,29,9538,Low,0,1
163,2,134.0,toyota,std,two,hardtop,rwd,front,98.4,0.5238805970149253,0.911111111111111,0.8695652173913044,2540,ohc,four,146,mpfi,3.62,3.5,9.3,116.0,4800.0,9.791666666666666,30,8449,Low,0,1
164,2,134.0,toyota,std,two,hardtop,rwd,front,98.4,0.5238805970149253,0.911111111111111,0.8695652173913044,2536,ohc,four,146,mpfi,3.62,3.5,9.3,116.0,4800.0,9.791666666666666,30,9639,Low,0,1
165,2,134.0,toyota,std,two,hatchback,rwd,front,98.4,0.5238805970149253,0.911111111111111,0.8695652173913044,2551,ohc,four,146,mpfi,3.62,3.5,9.3,116.0,4800.0,9.791666666666666,30,9989,Low,0,1
166,2,134.0,toyota,std,two,hardtop,rwd,front,98.4,0.5238805970149253,0.911111111111111,0.8695652173913044,2679,ohc,four,146,mpfi,3.62,3.5,9.3,116.0,4800.0,9.791666666666666,30,11199,Low,0,1
167,2,134.0,toyota,std,two,hatchback,rwd,front,98.4,0.5238805970149253,0.911111111111111,0.8695652173913044,2714,ohc,four,146,mpfi,3.62,3.5,9.3,116.0,4800.0,9.791666666666666,30,11549,Low,0,1
168,2,134.0,toyota,std,two,convertible,rwd,front,98.4,0.5238805970149253,0.911111111111111,0.8862876254180603,2975,ohc,four,146,mpfi,3.62,3.5,9.3,116.0,4800.0,9.791666666666666,30,17669,Low,0,1
169,-1,65.0,toyota,std,four,sedan,fwd,front,102.4,0.5149253731343284,0.9236111111111112,0.9180602006688964,2326,ohc,four,122,mpfi,3.31,3.54,8.7,92.0,4200.0,8.10344827586207,34,8948,Low,0,1
170,-1,65.0,toyota,turbo,four,sedan,fwd,front,102.4,0.5149253731343284,0.9236111111111112,0.9180602006688964,2480,ohc,four,110,idi,3.27,3.35,22.5,73.0,4500.0,7.833333333333333,33,10698,Low,1,0
171,-1,65.0,toyota,std,four,hatchback,fwd,front,102.4,0.5149253731343284,0.9236111111111112,0.9013377926421405,2414,ohc,four,122,mpfi,3.31,3.54,8.7,92.0,4200.0,8.703703703703704,32,9988,Low,0,1
172,-1,65.0,toyota,std,four,sedan,fwd,front,102.4,0.5149253731343284,0.9236111111111112,0.9180602006688964,2414,ohc,four,122,mpfi,3.31,3.54,8.7,92.0,4200.0,8.703703703703704,32,10898,Low,0,1
173,-1,65.0,toyota,std,four,hatchback,fwd,front,102.4,0.5149253731343284,0.9236111111111112,0.9013377926421405,2458,ohc,four,122,mpfi,3.31,3.54,8.7,92.0,4200.0,8.703703703703704,32,11248,Low,0,1
174,3,197.0,toyota,std,two,hatchback,rwd,front,102.9,0.6328358208955225,0.9402777777777778,0.8695652173913044,2976,dohc,six,171,mpfi,3.27,3.35,9.3,161.0,5200.0,11.75,24,16558,Low,0,1
175,3,197.0,toyota,std,two,hatchback,rwd,front,102.9,0.6328358208955225,0.9402777777777778,0.8695652173913044,3016,dohc,six,171,mpfi,3.27,3.35,9.3,161.0,5200.0,12.368421052631579,24,15998,Low,0,1
176,-1,90.0,toyota,std,four,sedan,rwd,front,104.5,0.6970149253731346,0.9236111111111112,0.9046822742474917,3131,dohc,six,171,mpfi,3.27,3.35,9.2,156.0,5200.0,11.75,24,15690,Low,0,1
177,-1,122.0,toyota,std,four,wagon,rwd,front,104.5,0.6970149253731346,0.9236111111111112,0.9046822742474917,3151,dohc,six,161,mpfi,3.27,3.35,9.2,156.0,5200.0,12.368421052631579,24,15750,Low,0,1
178,2,122.0,volkswagen,std,two,sedan,fwd,front,97.3,0.4567164179104477,0.9097222222222222,0.931438127090301,2261,ohc,four,97,idi,3.01,3.4,23.0,52.0,4800.0,6.351351351351352,46,7775,Low,1,0
179,2,122.0,volkswagen,std,two,sedan,fwd,front,97.3,0.4567164179104477,0.9097222222222222,0.931438127090301,2209,ohc,four,109,mpfi,3.19,3.4,9.0,85.0,5250.0,8.703703703703704,34,7975,Low,0,1
180,2,94.0,volkswagen,std,four,sedan,fwd,front,97.3,0.4567164179104477,0.9097222222222222,0.931438127090301,2264,ohc,four,97,idi,3.01,3.4,23.0,52.0,4800.0,6.351351351351352,46,7995,Low,1,0
181,2,94.0,volkswagen,std,four,sedan,fwd,front,97.3,0.4567164179104477,0.9097222222222222,0.931438127090301,2212,ohc,four,109,mpfi,3.19,3.4,9.0,85.0,5250.0,8.703703703703704,34,8195,Low,0,1
182,2,94.0,volkswagen,std,four,sedan,fwd,front,97.3,0.4567164179104477,0.9097222222222222,0.931438127090301,2275,ohc,four,109,mpfi,3.19,3.4,9.0,85.0,5250.0,8.703703703703704,34,8495,Low,0,1
183,2,94.0,volkswagen,turbo,four,sedan,fwd,front,97.3,0.4567164179104477,0.9097222222222222,0.931438127090301,2319,ohc,four,97,idi,3.01,3.4,23.0,68.0,4500.0,6.351351351351352,42,9495,Low,1,0
184,2,94.0,volkswagen,std,four,sedan,fwd,front,97.3,0.4567164179104477,0.9097222222222222,0.931438127090301,2300,ohc,four,109,mpfi,3.19,3.4,10.0,100.0,5500.0,9.038461538461538,32,9995,Low,0,1
185,3,122.0,volkswagen,std,two,convertible,fwd,front,94.5,0.27164179104477637,0.8916666666666667,0.9297658862876255,2254,ohc,four,109,mpfi,3.19,3.4,8.5,90.0,5500.0,9.791666666666666,29,11595,Low,0,1
186,3,256.0,volkswagen,std,two,hatchback,fwd,front,94.5,0.3671641791044775,0.8888888888888888,0.8595317725752508,2221,ohc,four,109,mpfi,3.19,3.4,8.5,90.0,5500.0,9.791666666666666,29,9980,Low,0,1
187,0,122.0,volkswagen,std,four,sedan,fwd,front,100.4,0.5835820895522387,0.9291666666666667,0.9214046822742475,2661,ohc,five,136,mpfi,3.19,3.4,8.5,110.0,5500.0,12.368421052631579,24,13295,Low,0,1
188,0,122.0,volkswagen,turbo,four,sedan,fwd,front,100.4,0.5835820895522387,0.9291666666666667,0.9214046822742475,2579,ohc,four,97,idi,3.01,3.4,23.0,68.0,4500.0,7.121212121212121,38,13845,Low,1,0
189,0,122.0,volkswagen,std,four,wagon,fwd,front,100.4,0.6268656716417911,0.9291666666666667,0.9214046822742475,2563,ohc,four,109,mpfi,3.19,3.4,9.0,88.0,5500.0,9.4,31,12290,Low,0,1
190,-2,103.0,volvo,std,four,sedan,rwd,front,104.3,0.711940298507463,0.9333333333333333,0.939799331103679,2912,ohc,four,141,mpfi,3.78,3.15,9.5,114.0,5400.0,10.217391304347826,28,12940,Low,0,1
191,-1,74.0,volvo,std,four,wagon,rwd,front,104.3,0.711940298507463,0.9333333333333333,0.9615384615384616,3034,ohc,four,141,mpfi,3.78,3.15,9.5,114.0,5400.0,10.217391304347826,28,13415,Low,0,1
192,-2,103.0,volvo,std,four,sedan,rwd,front,104.3,0.711940298507463,0.9333333333333333,0.939799331103679,2935,ohc,four,141,mpfi,3.78,3.15,9.5,114.0,5400.0,9.791666666666666,28,15985,Low,0,1
193,-1,74.0,volvo,std,four,wagon,rwd,front,104.3,0.711940298507463,0.9333333333333333,0.9615384615384616,3042,ohc,four,141,mpfi,3.78,3.15,9.5,114.0,5400.0,9.791666666666666,28,16515,Low,0,1
194,-2,103.0,volvo,turbo,four,sedan,rwd,front,104.3,0.711940298507463,0.9333333333333333,0.939799331103679,3045,ohc,four,130,mpfi,3.62,3.15,7.5,162.0,5100.0,13.823529411764707,22,18420,Low,0,1
195,-1,74.0,volvo,turbo,four,wagon,rwd,front,104.3,0.711940298507463,0.9333333333333333,0.9615384615384616,3157,ohc,four,130,mpfi,3.62,3.15,7.5,162.0,5100.0,13.823529411764707,22,18950,Medium,0,1
196,-1,95.0,volvo,std,four,sedan,rwd,front,109.1,0.711940298507463,0.9569444444444445,0.9280936454849499,2952,ohc,four,141,mpfi,3.78,3.15,9.5,114.0,5400.0,10.217391304347826,28,16845,Low,0,1
197,-1,95.0,volvo,turbo,four,sedan,rwd,front,109.1,0.711940298507463,0.9555555555555555,0.9280936454849499,3049,ohc,four,141,mpfi,3.78,3.15,8.7,160.0,5300.0,12.368421052631579,25,19045,Medium,0,1
198,-1,95.0,volvo,std,four,sedan,rwd,front,109.1,0.711940298507463,0.9569444444444445,0.9280936454849499,3012,ohcv,six,173,mpfi,3.58,2.87,8.8,134.0,5500.0,13.055555555555555,23,21485,Medium,0,1
199,-1,95.0,volvo,turbo,four,sedan,rwd,front,109.1,0.711940298507463,0.9569444444444445,0.9280936454849499,3217,ohc,six,145,idi,3.01,3.4,23.0,106.0,4800.0,9.038461538461538,27,22470,Medium,1,0
200,-1,95.0,volvo,turbo,four,sedan,rwd,front,109.1,0.711940298507463,0.9569444444444445,0.9280936454849499,3062,ohc,four,141,mpfi,3.78,3.15,9.5,114.0,5400.0,12.368421052631579,25,22625,Medium,0,1
